{"min": 0.29670655727386475, "max": 2.3779115676879883}