{"min": 0.2954287827014923, "max": 2.4412221908569336}