sequence,edge_f1,event_correlation,event_l1,event_polarity_agreement,grad_error,lpips,num_event_pairs,num_rgb_frames,temporal_error
checkpoint-2,0.950613,-0.164959,0.191398,0.156967,0.260656,0.113493,14,15,0.089252
checkpoint-last,0.950613,-0.164959,0.191398,0.156967,0.260656,0.113493,14,15,0.089252
checkpoint-3,0.950613,-0.164959,0.191398,0.156967,0.260656,0.113493,14,15,0.089252
checkpoint-1,0.950613,-0.164959,0.191398,0.156967,0.260656,0.113493,14,15,0.089252
mean,0.950613,-0.164959,0.191398,0.156967,0.260656,0.113493,,,0.089252
