{
  "checkpoint-2": {
    "lpips_alex": 0.11349269847075144,
    "grad_error": 0.5509451508522034,
    "edge_f1": 0.7703235645378773,
    "temporal_error": 0.08976217864934354,
    "num_rgb_frames": 15,
    "event_l1": 0.8666570627047943,
    "event_corr": -0.16290667033750128,
    "polarity_acc": 0.192027145327248,
    "num_event_pairs": 14
  },
  "mean": {
    "lpips_alex": 0.11349269847075144,
    "grad_error": 0.5509451508522034,
    "edge_f1": 0.7703235645378773,
    "temporal_error": 0.08976217864934354,
    "event_l1": 0.8666570627047943,
    "event_corr": -0.16290667033750128,
    "polarity_acc": 0.192027145327248
  }
}